State,Active businesses,Num of small business,Volume of activity
NV,2420,53908,0.0460043
AZ,2872,114076,0.0256583
NC,584,187749,0.0031638
OH,448,198301,0.00231466
PA,399,245259,0.00166762
WI,169,117354,0.00148269
SC,33,86695,0.000392179
IL,55,268674,0.000208431
NY,1,481792,2.075e-06
