Text length,Sum votes
1.0,0.26876621911474036
0.26876621911474036,1.0
